,Year,value,indicator,Country Code,Country Name,Region,Income Group,Lending Type
0,2018,1.0,SE.ADT.1524.LT.FM.ZS,CHN,China,East Asia & Pacific,Upper middle income,IBRD
1,2018,0.9696400166,SE.ADT.1524.LT.FM.ZS,IND,India,South Asia,Lower middle income,IBRD
2,2017,0.8310899734,SE.ADT.1524.LT.FM.ZS,PAK,Pakistan,South Asia,Lower middle income,Blend
3,2018,0.8065599799000001,SE.ADT.1524.LT.FM.ZS,PAK,Pakistan,South Asia,Lower middle income,Blend
4,2019,0.8175899982,SE.ADT.1524.LT.FM.ZS,PAK,Pakistan,South Asia,Lower middle income,Blend
5,2015,58.69,SL.EMP.1524.SP.FE.ZS,AUS,Australia,East Asia & Pacific,High income,Not classified
6,2016,58.65,SL.EMP.1524.SP.FE.ZS,AUS,Australia,East Asia & Pacific,High income,Not classified
7,2017,58.5,SL.EMP.1524.SP.FE.ZS,AUS,Australia,East Asia & Pacific,High income,Not classified
8,2018,60.0,SL.EMP.1524.SP.FE.ZS,AUS,Australia,East Asia & Pacific,High income,Not classified
9,2019,60.38,SL.EMP.1524.SP.FE.ZS,AUS,Australia,East Asia & Pacific,High income,Not classified
10,2015,41.85,SL.EMP.1524.SP.FE.ZS,CHN,China,East Asia & Pacific,Upper middle income,IBRD
11,2016,40.8,SL.EMP.1524.SP.FE.ZS,CHN,China,East Asia & Pacific,Upper middle income,IBRD
12,2017,39.96,SL.EMP.1524.SP.FE.ZS,CHN,China,East Asia & Pacific,Upper middle income,IBRD
13,2018,39.26,SL.EMP.1524.SP.FE.ZS,CHN,China,East Asia & Pacific,Upper middle income,IBRD
14,2019,38.24,SL.EMP.1524.SP.FE.ZS,CHN,China,East Asia & Pacific,Upper middle income,IBRD
15,2015,26.19,SL.EMP.1524.SP.FE.ZS,FRA,France,Europe & Central Asia,High income,Not classified
16,2016,26.34,SL.EMP.1524.SP.FE.ZS,FRA,France,Europe & Central Asia,High income,Not classified
17,2017,26.86,SL.EMP.1524.SP.FE.ZS,FRA,France,Europe & Central Asia,High income,Not classified
18,2018,27.81,SL.EMP.1524.SP.FE.ZS,FRA,France,Europe & Central Asia,High income,Not classified
19,2019,28.28,SL.EMP.1524.SP.FE.ZS,FRA,France,Europe & Central Asia,High income,Not classified
20,2015,43.66,SL.EMP.1524.SP.FE.ZS,DEU,Germany,Europe & Central Asia,High income,Not classified
21,2016,44.24,SL.EMP.1524.SP.FE.ZS,DEU,Germany,Europe & Central Asia,High income,Not classified
22,2017,45.4,SL.EMP.1524.SP.FE.ZS,DEU,Germany,Europe & Central Asia,High income,Not classified
23,2018,45.41,SL.EMP.1524.SP.FE.ZS,DEU,Germany,Europe & Central Asia,High income,Not classified
24,2019,46.26,SL.EMP.1524.SP.FE.ZS,DEU,Germany,Europe & Central Asia,High income,Not classified
25,2015,9.29,SL.EMP.1524.SP.FE.ZS,IND,India,South Asia,Lower middle income,IBRD
26,2016,8.67,SL.EMP.1524.SP.FE.ZS,IND,India,South Asia,Lower middle income,IBRD
27,2017,8.13,SL.EMP.1524.SP.FE.ZS,IND,India,South Asia,Lower middle income,IBRD
28,2018,7.64,SL.EMP.1524.SP.FE.ZS,IND,India,South Asia,Lower middle income,IBRD
29,2019,7.42,SL.EMP.1524.SP.FE.ZS,IND,India,South Asia,Lower middle income,IBRD
30,2015,40.79,SL.EMP.1524.SP.FE.ZS,JPN,Japan,East Asia & Pacific,High income,Not classified
31,2016,42.57,SL.EMP.1524.SP.FE.ZS,JPN,Japan,East Asia & Pacific,High income,Not classified
32,2017,43.01,SL.EMP.1524.SP.FE.ZS,JPN,Japan,East Asia & Pacific,High income,Not classified
33,2018,46.68,SL.EMP.1524.SP.FE.ZS,JPN,Japan,East Asia & Pacific,High income,Not classified
34,2019,47.94,SL.EMP.1524.SP.FE.ZS,JPN,Japan,East Asia & Pacific,High income,Not classified
35,2015,27.99,SL.EMP.1524.SP.FE.ZS,KOR,"Korea, Rep.",East Asia & Pacific,High income,Not classified
36,2016,28.2,SL.EMP.1524.SP.FE.ZS,KOR,"Korea, Rep.",East Asia & Pacific,High income,Not classified
37,2017,28.17,SL.EMP.1524.SP.FE.ZS,KOR,"Korea, Rep.",East Asia & Pacific,High income,Not classified
38,2018,27.81,SL.EMP.1524.SP.FE.ZS,KOR,"Korea, Rep.",East Asia & Pacific,High income,Not classified
39,2019,27.21,SL.EMP.1524.SP.FE.ZS,KOR,"Korea, Rep.",East Asia & Pacific,High income,Not classified
40,2015,18.72,SL.EMP.1524.SP.FE.ZS,PAK,Pakistan,South Asia,Lower middle income,Blend
41,2016,18.13,SL.EMP.1524.SP.FE.ZS,PAK,Pakistan,South Asia,Lower middle income,Blend
42,2017,17.6,SL.EMP.1524.SP.FE.ZS,PAK,Pakistan,South Asia,Lower middle income,Blend
43,2018,17.09,SL.EMP.1524.SP.FE.ZS,PAK,Pakistan,South Asia,Lower middle income,Blend
44,2019,16.98,SL.EMP.1524.SP.FE.ZS,PAK,Pakistan,South Asia,Lower middle income,Blend
45,2015,44.95,SL.EMP.1524.SP.FE.ZS,USA,United States,North America,High income,Not classified
46,2016,45.79,SL.EMP.1524.SP.FE.ZS,USA,United States,North America,High income,Not classified
47,2017,47.08,SL.EMP.1524.SP.FE.ZS,USA,United States,North America,High income,Not classified
48,2018,47.42,SL.EMP.1524.SP.FE.ZS,USA,United States,North America,High income,Not classified
49,2019,47.92,SL.EMP.1524.SP.FE.ZS,USA,United States,North America,High income,Not classified
50,2015,97.5224227905,SE.PRM.CUAT.ZS,FRA,France,Europe & Central Asia,High income,Not classified
51,2016,97.6264724731,SE.PRM.CUAT.ZS,FRA,France,Europe & Central Asia,High income,Not classified
52,2017,97.5684661865,SE.PRM.CUAT.ZS,FRA,France,Europe & Central Asia,High income,Not classified
53,2019,97.6722869873,SE.PRM.CUAT.ZS,FRA,France,Europe & Central Asia,High income,Not classified
54,2015,100.0,SE.PRM.CUAT.ZS,DEU,Germany,Europe & Central Asia,High income,Not classified
55,2016,100.0,SE.PRM.CUAT.ZS,DEU,Germany,Europe & Central Asia,High income,Not classified
56,2018,100.0,SE.PRM.CUAT.ZS,DEU,Germany,Europe & Central Asia,High income,Not classified
57,2015,95.5062866211,SE.PRM.CUAT.ZS,KOR,"Korea, Rep.",East Asia & Pacific,High income,Not classified
58,2016,49.8061408997,SE.PRM.CUAT.ZS,PAK,Pakistan,South Asia,Lower middle income,Blend
59,2017,48.8252105713,SE.PRM.CUAT.ZS,PAK,Pakistan,South Asia,Lower middle income,Blend
60,2018,38.9729995728,SE.PRM.CUAT.ZS,PAK,Pakistan,South Asia,Lower middle income,Blend
61,2019,49.5546798706,SE.PRM.CUAT.ZS,PAK,Pakistan,South Asia,Lower middle income,Blend
62,2015,98.7738800049,SE.PRM.CUAT.ZS,USA,United States,North America,High income,Not classified
63,2016,98.8771133423,SE.PRM.CUAT.ZS,USA,United States,North America,High income,Not classified
64,2018,99.0315322876,SE.PRM.CUAT.ZS,USA,United States,North America,High income,Not classified
65,2020,99.0557785034,SE.PRM.CUAT.ZS,USA,United States,North America,High income,Not classified
66,2015,453.0,SH.DTH.IMRT.FE,AUS,Australia,East Asia & Pacific,High income,Not classified
67,2016,446.0,SH.DTH.IMRT.FE,AUS,Australia,East Asia & Pacific,High income,Not classified
68,2017,440.0,SH.DTH.IMRT.FE,AUS,Australia,East Asia & Pacific,High income,Not classified
69,2018,435.0,SH.DTH.IMRT.FE,AUS,Australia,East Asia & Pacific,High income,Not classified
70,2019,430.0,SH.DTH.IMRT.FE,AUS,Australia,East Asia & Pacific,High income,Not classified
71,2015,69672.0,SH.DTH.IMRT.FE,CHN,China,East Asia & Pacific,Upper middle income,IBRD
72,2016,64159.0,SH.DTH.IMRT.FE,CHN,China,East Asia & Pacific,Upper middle income,IBRD
73,2017,58777.0,SH.DTH.IMRT.FE,CHN,China,East Asia & Pacific,Upper middle income,IBRD
74,2018,54042.0,SH.DTH.IMRT.FE,CHN,China,East Asia & Pacific,Upper middle income,IBRD
75,2019,49499.0,SH.DTH.IMRT.FE,CHN,China,East Asia & Pacific,Upper middle income,IBRD
76,2015,1162.0,SH.DTH.IMRT.FE,FRA,France,Europe & Central Asia,High income,Not classified
77,2016,1162.0,SH.DTH.IMRT.FE,FRA,France,Europe & Central Asia,High income,Not classified
78,2017,1172.0,SH.DTH.IMRT.FE,FRA,France,Europe & Central Asia,High income,Not classified
79,2018,1189.0,SH.DTH.IMRT.FE,FRA,France,Europe & Central Asia,High income,Not classified
80,2019,1205.0,SH.DTH.IMRT.FE,FRA,France,Europe & Central Asia,High income,Not classified
81,2015,1070.0,SH.DTH.IMRT.FE,DEU,Germany,Europe & Central Asia,High income,Not classified
82,2016,1090.0,SH.DTH.IMRT.FE,DEU,Germany,Europe & Central Asia,High income,Not classified
83,2017,1107.0,SH.DTH.IMRT.FE,DEU,Germany,Europe & Central Asia,High income,Not classified
84,2018,1117.0,SH.DTH.IMRT.FE,DEU,Germany,Europe & Central Asia,High income,Not classified
85,2019,1118.0,SH.DTH.IMRT.FE,DEU,Germany,Europe & Central Asia,High income,Not classified
86,2015,408725.0,SH.DTH.IMRT.FE,IND,India,South Asia,Lower middle income,IBRD
87,2016,383982.0,SH.DTH.IMRT.FE,IND,India,South Asia,Lower middle income,IBRD
88,2017,361415.0,SH.DTH.IMRT.FE,IND,India,South Asia,Lower middle income,IBRD
89,2018,341012.0,SH.DTH.IMRT.FE,IND,India,South Asia,Lower middle income,IBRD
90,2019,322490.0,SH.DTH.IMRT.FE,IND,India,South Asia,Lower middle income,IBRD
91,2015,955.0,SH.DTH.IMRT.FE,JPN,Japan,East Asia & Pacific,High income,Not classified
92,2016,910.0,SH.DTH.IMRT.FE,JPN,Japan,East Asia & Pacific,High income,Not classified
93,2017,863.0,SH.DTH.IMRT.FE,JPN,Japan,East Asia & Pacific,High income,Not classified
94,2018,820.0,SH.DTH.IMRT.FE,JPN,Japan,East Asia & Pacific,High income,Not classified
95,2019,779.0,SH.DTH.IMRT.FE,JPN,Japan,East Asia & Pacific,High income,Not classified
96,2015,564.0,SH.DTH.IMRT.FE,KOR,"Korea, Rep.",East Asia & Pacific,High income,Not classified
97,2016,532.0,SH.DTH.IMRT.FE,KOR,"Korea, Rep.",East Asia & Pacific,High income,Not classified
98,2017,501.0,SH.DTH.IMRT.FE,KOR,"Korea, Rep.",East Asia & Pacific,High income,Not classified
99,2018,474.0,SH.DTH.IMRT.FE,KOR,"Korea, Rep.",East Asia & Pacific,High income,Not classified
100,2019,451.0,SH.DTH.IMRT.FE,KOR,"Korea, Rep.",East Asia & Pacific,High income,Not classified
101,2015,154645.0,SH.DTH.IMRT.FE,PAK,Pakistan,South Asia,Lower middle income,Blend
102,2016,152492.0,SH.DTH.IMRT.FE,PAK,Pakistan,South Asia,Lower middle income,Blend
103,2017,150012.0,SH.DTH.IMRT.FE,PAK,Pakistan,South Asia,Lower middle income,Blend
104,2018,147151.0,SH.DTH.IMRT.FE,PAK,Pakistan,South Asia,Lower middle income,Blend
105,2019,143988.0,SH.DTH.IMRT.FE,PAK,Pakistan,South Asia,Lower middle income,Blend
106,2015,10105.0,SH.DTH.IMRT.FE,USA,United States,North America,High income,Not classified
107,2016,9979.0,SH.DTH.IMRT.FE,USA,United States,North America,High income,Not classified
108,2017,9884.0,SH.DTH.IMRT.FE,USA,United States,North America,High income,Not classified
109,2018,9787.0,SH.DTH.IMRT.FE,USA,United States,North America,High income,Not classified
110,2019,9678.0,SH.DTH.IMRT.FE,USA,United States,North America,High income,Not classified
111,2015,0.9252600074,SE.ENR.PRSC.FM.ZS,AUS,Australia,East Asia & Pacific,High income,Not classified
112,2016,0.9251700044000001,SE.ENR.PRSC.FM.ZS,AUS,Australia,East Asia & Pacific,High income,Not classified
113,2017,0.9375399947,SE.ENR.PRSC.FM.ZS,AUS,Australia,East Asia & Pacific,High income,Not classified
114,2018,0.9688500166,SE.ENR.PRSC.FM.ZS,AUS,Australia,East Asia & Pacific,High income,Not classified
115,2019,0.9640700221,SE.ENR.PRSC.FM.ZS,AUS,Australia,East Asia & Pacific,High income,Not classified
116,2015,1.0115799904,SE.ENR.PRSC.FM.ZS,CHN,China,East Asia & Pacific,Upper middle income,IBRD
117,2016,1.0101399422,SE.ENR.PRSC.FM.ZS,CHN,China,East Asia & Pacific,Upper middle income,IBRD
118,2017,1.0132199526,SE.ENR.PRSC.FM.ZS,CHN,China,East Asia & Pacific,Upper middle income,IBRD
119,2018,1.0143100023,SE.ENR.PRSC.FM.ZS,CHN,China,East Asia & Pacific,Upper middle income,IBRD
120,2019,1.0152900219,SE.ENR.PRSC.FM.ZS,CHN,China,East Asia & Pacific,Upper middle income,IBRD
121,2020,1.0128699541,SE.ENR.PRSC.FM.ZS,CHN,China,East Asia & Pacific,Upper middle income,IBRD
122,2015,1.0034199953,SE.ENR.PRSC.FM.ZS,FRA,France,Europe & Central Asia,High income,Not classified
123,2016,1.0025000572,SE.ENR.PRSC.FM.ZS,FRA,France,Europe & Central Asia,High income,Not classified
124,2017,1.001940012,SE.ENR.PRSC.FM.ZS,FRA,France,Europe & Central Asia,High income,Not classified
125,2018,1.0008000135,SE.ENR.PRSC.FM.ZS,FRA,France,Europe & Central Asia,High income,Not classified
126,2019,0.9987400174000001,SE.ENR.PRSC.FM.ZS,FRA,France,Europe & Central Asia,High income,Not classified
127,2015,0.9661099911000001,SE.ENR.PRSC.FM.ZS,DEU,Germany,Europe & Central Asia,High income,Not classified
128,2016,0.9637299776,SE.ENR.PRSC.FM.ZS,DEU,Germany,Europe & Central Asia,High income,Not classified
129,2017,0.9576500058,SE.ENR.PRSC.FM.ZS,DEU,Germany,Europe & Central Asia,High income,Not classified
130,2018,0.9609900117,SE.ENR.PRSC.FM.ZS,DEU,Germany,Europe & Central Asia,High income,Not classified
131,2019,0.9653699994,SE.ENR.PRSC.FM.ZS,DEU,Germany,Europe & Central Asia,High income,Not classified
132,2015,1.0701800585,SE.ENR.PRSC.FM.ZS,IND,India,South Asia,Lower middle income,IBRD
133,2016,1.0951900482,SE.ENR.PRSC.FM.ZS,IND,India,South Asia,Lower middle income,IBRD
134,2017,1.0840200186,SE.ENR.PRSC.FM.ZS,IND,India,South Asia,Lower middle income,IBRD
135,2019,1.0201699734,SE.ENR.PRSC.FM.ZS,IND,India,South Asia,Lower middle income,IBRD
136,2020,1.0073800087,SE.ENR.PRSC.FM.ZS,IND,India,South Asia,Lower middle income,IBRD
137,2016,1.0052700043,SE.ENR.PRSC.FM.ZS,JPN,Japan,East Asia & Pacific,High income,Not classified
138,2017,1.004529953,SE.ENR.PRSC.FM.ZS,JPN,Japan,East Asia & Pacific,High income,Not classified
139,2018,1.003450036,SE.ENR.PRSC.FM.ZS,JPN,Japan,East Asia & Pacific,High income,Not classified
140,2015,0.9955400229,SE.ENR.PRSC.FM.ZS,KOR,"Korea, Rep.",East Asia & Pacific,High income,Not classified
141,2016,0.9948199987,SE.ENR.PRSC.FM.ZS,KOR,"Korea, Rep.",East Asia & Pacific,High income,Not classified
142,2017,0.9953100085000001,SE.ENR.PRSC.FM.ZS,KOR,"Korea, Rep.",East Asia & Pacific,High income,Not classified
143,2018,0.9955300093,SE.ENR.PRSC.FM.ZS,KOR,"Korea, Rep.",East Asia & Pacific,High income,Not classified
144,2019,0.9964200258,SE.ENR.PRSC.FM.ZS,KOR,"Korea, Rep.",East Asia & Pacific,High income,Not classified
145,2015,0.8324999809,SE.ENR.PRSC.FM.ZS,PAK,Pakistan,South Asia,Lower middle income,Blend
146,2016,0.8395100236,SE.ENR.PRSC.FM.ZS,PAK,Pakistan,South Asia,Lower middle income,Blend
147,2017,0.845960021,SE.ENR.PRSC.FM.ZS,PAK,Pakistan,South Asia,Lower middle income,Blend
148,2018,0.8488900065,SE.ENR.PRSC.FM.ZS,PAK,Pakistan,South Asia,Lower middle income,Blend
149,2019,0.8774799705,SE.ENR.PRSC.FM.ZS,PAK,Pakistan,South Asia,Lower middle income,Blend
150,2015,1.0050799847,SE.ENR.PRSC.FM.ZS,USA,United States,North America,High income,Not classified
151,2016,0.9962599874,SE.ENR.PRSC.FM.ZS,USA,United States,North America,High income,Not classified
152,2017,0.993629992,SE.ENR.PRSC.FM.ZS,USA,United States,North America,High income,Not classified
153,2018,0.9947000146,SE.ENR.PRSC.FM.ZS,USA,United States,North America,High income,Not classified
154,2019,0.9949100018,SE.ENR.PRSC.FM.ZS,USA,United States,North America,High income,Not classified
155,2015,568.0,SH.DTH.IMRT.MA,AUS,Australia,East Asia & Pacific,High income,Not classified
156,2016,560.0,SH.DTH.IMRT.MA,AUS,Australia,East Asia & Pacific,High income,Not classified
157,2017,554.0,SH.DTH.IMRT.MA,AUS,Australia,East Asia & Pacific,High income,Not classified
158,2018,549.0,SH.DTH.IMRT.MA,AUS,Australia,East Asia & Pacific,High income,Not classified
159,2019,542.0,SH.DTH.IMRT.MA,AUS,Australia,East Asia & Pacific,High income,Not classified
160,2015,90929.0,SH.DTH.IMRT.MA,CHN,China,East Asia & Pacific,Upper middle income,IBRD
161,2016,83166.0,SH.DTH.IMRT.MA,CHN,China,East Asia & Pacific,Upper middle income,IBRD
162,2017,75962.0,SH.DTH.IMRT.MA,CHN,China,East Asia & Pacific,Upper middle income,IBRD
163,2018,69038.0,SH.DTH.IMRT.MA,CHN,China,East Asia & Pacific,Upper middle income,IBRD
164,2019,63096.0,SH.DTH.IMRT.MA,CHN,China,East Asia & Pacific,Upper middle income,IBRD
165,2015,1482.0,SH.DTH.IMRT.MA,FRA,France,Europe & Central Asia,High income,Not classified
166,2016,1479.0,SH.DTH.IMRT.MA,FRA,France,Europe & Central Asia,High income,Not classified
167,2017,1490.0,SH.DTH.IMRT.MA,FRA,France,Europe & Central Asia,High income,Not classified
168,2018,1512.0,SH.DTH.IMRT.MA,FRA,France,Europe & Central Asia,High income,Not classified
169,2019,1533.0,SH.DTH.IMRT.MA,FRA,France,Europe & Central Asia,High income,Not classified
170,2015,1331.0,SH.DTH.IMRT.MA,DEU,Germany,Europe & Central Asia,High income,Not classified
171,2016,1357.0,SH.DTH.IMRT.MA,DEU,Germany,Europe & Central Asia,High income,Not classified
172,2017,1380.0,SH.DTH.IMRT.MA,DEU,Germany,Europe & Central Asia,High income,Not classified
173,2018,1395.0,SH.DTH.IMRT.MA,DEU,Germany,Europe & Central Asia,High income,Not classified
174,2019,1399.0,SH.DTH.IMRT.MA,DEU,Germany,Europe & Central Asia,High income,Not classified
175,2015,442275.0,SH.DTH.IMRT.MA,IND,India,South Asia,Lower middle income,IBRD
176,2016,417596.0,SH.DTH.IMRT.MA,IND,India,South Asia,Lower middle income,IBRD
177,2017,395131.0,SH.DTH.IMRT.MA,IND,India,South Asia,Lower middle income,IBRD
178,2018,374519.0,SH.DTH.IMRT.MA,IND,India,South Asia,Lower middle income,IBRD
179,2019,356238.0,SH.DTH.IMRT.MA,IND,India,South Asia,Lower middle income,IBRD
180,2015,1113.0,SH.DTH.IMRT.MA,JPN,Japan,East Asia & Pacific,High income,Not classified
181,2016,1052.0,SH.DTH.IMRT.MA,JPN,Japan,East Asia & Pacific,High income,Not classified
182,2017,999.0,SH.DTH.IMRT.MA,JPN,Japan,East Asia & Pacific,High income,Not classified
183,2018,949.0,SH.DTH.IMRT.MA,JPN,Japan,East Asia & Pacific,High income,Not classified
184,2019,903.0,SH.DTH.IMRT.MA,JPN,Japan,East Asia & Pacific,High income,Not classified
185,2015,700.0,SH.DTH.IMRT.MA,KOR,"Korea, Rep.",East Asia & Pacific,High income,Not classified
186,2016,661.0,SH.DTH.IMRT.MA,KOR,"Korea, Rep.",East Asia & Pacific,High income,Not classified
187,2017,625.0,SH.DTH.IMRT.MA,KOR,"Korea, Rep.",East Asia & Pacific,High income,Not classified
188,2018,593.0,SH.DTH.IMRT.MA,KOR,"Korea, Rep.",East Asia & Pacific,High income,Not classified
189,2019,563.0,SH.DTH.IMRT.MA,KOR,"Korea, Rep.",East Asia & Pacific,High income,Not classified
190,2015,200640.0,SH.DTH.IMRT.MA,PAK,Pakistan,South Asia,Lower middle income,Blend
191,2016,198098.0,SH.DTH.IMRT.MA,PAK,Pakistan,South Asia,Lower middle income,Blend
192,2017,195090.0,SH.DTH.IMRT.MA,PAK,Pakistan,South Asia,Lower middle income,Blend
193,2018,191615.0,SH.DTH.IMRT.MA,PAK,Pakistan,South Asia,Lower middle income,Blend
194,2019,187606.0,SH.DTH.IMRT.MA,PAK,Pakistan,South Asia,Lower middle income,Blend
195,2015,12620.0,SH.DTH.IMRT.MA,USA,United States,North America,High income,Not classified
196,2016,12465.0,SH.DTH.IMRT.MA,USA,United States,North America,High income,Not classified
197,2017,12350.0,SH.DTH.IMRT.MA,USA,United States,North America,High income,Not classified
198,2018,12236.0,SH.DTH.IMRT.MA,USA,United States,North America,High income,Not classified
199,2019,12101.0,SH.DTH.IMRT.MA,USA,United States,North America,High income,Not classified
200,2015,1021.0,SH.DTH.IMRT,AUS,Australia,East Asia & Pacific,High income,Not classified
201,2016,1006.0,SH.DTH.IMRT,AUS,Australia,East Asia & Pacific,High income,Not classified
202,2017,994.0,SH.DTH.IMRT,AUS,Australia,East Asia & Pacific,High income,Not classified
203,2018,984.0,SH.DTH.IMRT,AUS,Australia,East Asia & Pacific,High income,Not classified
204,2019,972.0,SH.DTH.IMRT,AUS,Australia,East Asia & Pacific,High income,Not classified
205,2015,160601.0,SH.DTH.IMRT,CHN,China,East Asia & Pacific,Upper middle income,IBRD
206,2016,147325.0,SH.DTH.IMRT,CHN,China,East Asia & Pacific,Upper middle income,IBRD
207,2017,134739.0,SH.DTH.IMRT,CHN,China,East Asia & Pacific,Upper middle income,IBRD
208,2018,123080.0,SH.DTH.IMRT,CHN,China,East Asia & Pacific,Upper middle income,IBRD
209,2019,112595.0,SH.DTH.IMRT,CHN,China,East Asia & Pacific,Upper middle income,IBRD
210,2015,2644.0,SH.DTH.IMRT,FRA,France,Europe & Central Asia,High income,Not classified
211,2016,2641.0,SH.DTH.IMRT,FRA,France,Europe & Central Asia,High income,Not classified
212,2017,2662.0,SH.DTH.IMRT,FRA,France,Europe & Central Asia,High income,Not classified
213,2018,2701.0,SH.DTH.IMRT,FRA,France,Europe & Central Asia,High income,Not classified
214,2019,2738.0,SH.DTH.IMRT,FRA,France,Europe & Central Asia,High income,Not classified
215,2015,2401.0,SH.DTH.IMRT,DEU,Germany,Europe & Central Asia,High income,Not classified
216,2016,2447.0,SH.DTH.IMRT,DEU,Germany,Europe & Central Asia,High income,Not classified
217,2017,2487.0,SH.DTH.IMRT,DEU,Germany,Europe & Central Asia,High income,Not classified
218,2018,2512.0,SH.DTH.IMRT,DEU,Germany,Europe & Central Asia,High income,Not classified
219,2019,2517.0,SH.DTH.IMRT,DEU,Germany,Europe & Central Asia,High income,Not classified
220,2015,851000.0,SH.DTH.IMRT,IND,India,South Asia,Lower middle income,IBRD
221,2016,801578.0,SH.DTH.IMRT,IND,India,South Asia,Lower middle income,IBRD
222,2017,756546.0,SH.DTH.IMRT,IND,India,South Asia,Lower middle income,IBRD
223,2018,715531.0,SH.DTH.IMRT,IND,India,South Asia,Lower middle income,IBRD
224,2019,678728.0,SH.DTH.IMRT,IND,India,South Asia,Lower middle income,IBRD
225,2015,2068.0,SH.DTH.IMRT,JPN,Japan,East Asia & Pacific,High income,Not classified
226,2016,1962.0,SH.DTH.IMRT,JPN,Japan,East Asia & Pacific,High income,Not classified
227,2017,1862.0,SH.DTH.IMRT,JPN,Japan,East Asia & Pacific,High income,Not classified
228,2018,1769.0,SH.DTH.IMRT,JPN,Japan,East Asia & Pacific,High income,Not classified
229,2019,1682.0,SH.DTH.IMRT,JPN,Japan,East Asia & Pacific,High income,Not classified
230,2015,1264.0,SH.DTH.IMRT,KOR,"Korea, Rep.",East Asia & Pacific,High income,Not classified
231,2016,1193.0,SH.DTH.IMRT,KOR,"Korea, Rep.",East Asia & Pacific,High income,Not classified
232,2017,1126.0,SH.DTH.IMRT,KOR,"Korea, Rep.",East Asia & Pacific,High income,Not classified
233,2018,1067.0,SH.DTH.IMRT,KOR,"Korea, Rep.",East Asia & Pacific,High income,Not classified
234,2019,1014.0,SH.DTH.IMRT,KOR,"Korea, Rep.",East Asia & Pacific,High income,Not classified
235,2015,355285.0,SH.DTH.IMRT,PAK,Pakistan,South Asia,Lower middle income,Blend
236,2016,350590.0,SH.DTH.IMRT,PAK,Pakistan,South Asia,Lower middle income,Blend
237,2017,345102.0,SH.DTH.IMRT,PAK,Pakistan,South Asia,Lower middle income,Blend
238,2018,338766.0,SH.DTH.IMRT,PAK,Pakistan,South Asia,Lower middle income,Blend
239,2019,331594.0,SH.DTH.IMRT,PAK,Pakistan,South Asia,Lower middle income,Blend
240,2015,22725.0,SH.DTH.IMRT,USA,United States,North America,High income,Not classified
241,2016,22444.0,SH.DTH.IMRT,USA,United States,North America,High income,Not classified
242,2017,22234.0,SH.DTH.IMRT,USA,United States,North America,High income,Not classified
243,2018,22023.0,SH.DTH.IMRT,USA,United States,North America,High income,Not classified
244,2019,21779.0,SH.DTH.IMRT,USA,United States,North America,High income,Not classified
245,2018,5.90278,SG.TIM.UWRK.MA,CHN,China,East Asia & Pacific,Upper middle income,IBRD
246,2016,3.125,SG.TIM.UWRK.MA,JPN,Japan,East Asia & Pacific,High income,Not classified
247,2019,4.375,SG.TIM.UWRK.MA,KOR,"Korea, Rep.",East Asia & Pacific,High income,Not classified
248,2015,9.75,SG.TIM.UWRK.MA,USA,United States,North America,High income,Not classified
249,2016,9.79167,SG.TIM.UWRK.MA,USA,United States,North America,High income,Not classified
250,2017,9.875,SG.TIM.UWRK.MA,USA,United States,North America,High income,Not classified
251,2018,9.54167,SG.TIM.UWRK.MA,USA,United States,North America,High income,Not classified
252,2019,9.66667,SG.TIM.UWRK.MA,USA,United States,North America,High income,Not classified
253,2019,65.5,SG.AGE.RTRE.FL.FE,AUS,Australia,East Asia & Pacific,High income,Not classified
254,2020,65.5,SG.AGE.RTRE.FL.FE,AUS,Australia,East Asia & Pacific,High income,Not classified
255,2019,50.0,SG.AGE.RTRE.FL.FE,CHN,China,East Asia & Pacific,Upper middle income,IBRD
256,2020,50.0,SG.AGE.RTRE.FL.FE,CHN,China,East Asia & Pacific,Upper middle income,IBRD
257,2019,67.0,SG.AGE.RTRE.FL.FE,FRA,France,Europe & Central Asia,High income,Not classified
258,2020,67.0,SG.AGE.RTRE.FL.FE,FRA,France,Europe & Central Asia,High income,Not classified
259,2019,65.7,SG.AGE.RTRE.FL.FE,DEU,Germany,Europe & Central Asia,High income,Not classified
260,2020,65.8,SG.AGE.RTRE.FL.FE,DEU,Germany,Europe & Central Asia,High income,Not classified
261,2019,58.0,SG.AGE.RTRE.FL.FE,IND,India,South Asia,Lower middle income,IBRD
262,2020,58.0,SG.AGE.RTRE.FL.FE,IND,India,South Asia,Lower middle income,IBRD
263,2019,65.0,SG.AGE.RTRE.FL.FE,JPN,Japan,East Asia & Pacific,High income,Not classified
264,2020,65.0,SG.AGE.RTRE.FL.FE,JPN,Japan,East Asia & Pacific,High income,Not classified
265,2019,60.0,SG.AGE.RTRE.FL.FE,KOR,"Korea, Rep.",East Asia & Pacific,High income,Not classified
266,2020,60.0,SG.AGE.RTRE.FL.FE,KOR,"Korea, Rep.",East Asia & Pacific,High income,Not classified
267,2019,55.0,SG.AGE.RTRE.FL.FE,PAK,Pakistan,South Asia,Lower middle income,Blend
268,2020,55.0,SG.AGE.RTRE.FL.FE,PAK,Pakistan,South Asia,Lower middle income,Blend
269,2019,66.5,SG.AGE.RTRE.FL.FE,USA,United States,North America,High income,Not classified
270,2020,66.0,SG.AGE.RTRE.FL.FE,USA,United States,North America,High income,Not classified
271,2018,15.34722,SG.TIM.UWRK.FE,CHN,China,East Asia & Pacific,Upper middle income,IBRD
272,2016,15.13889,SG.TIM.UWRK.FE,JPN,Japan,East Asia & Pacific,High income,Not classified
273,2019,14.09722,SG.TIM.UWRK.FE,KOR,"Korea, Rep.",East Asia & Pacific,High income,Not classified
274,2015,15.875,SG.TIM.UWRK.FE,USA,United States,North America,High income,Not classified
275,2016,15.91667,SG.TIM.UWRK.FE,USA,United States,North America,High income,Not classified
276,2017,15.41667,SG.TIM.UWRK.FE,USA,United States,North America,High income,Not classified
277,2018,15.375,SG.TIM.UWRK.FE,USA,United States,North America,High income,Not classified
278,2019,15.33333,SG.TIM.UWRK.FE,USA,United States,North America,High income,Not classified
279,2019,65.5,SG.AGE.RTRE.FL.MA,AUS,Australia,East Asia & Pacific,High income,Not classified
280,2020,65.5,SG.AGE.RTRE.FL.MA,AUS,Australia,East Asia & Pacific,High income,Not classified
281,2019,60.0,SG.AGE.RTRE.FL.MA,CHN,China,East Asia & Pacific,Upper middle income,IBRD
282,2020,60.0,SG.AGE.RTRE.FL.MA,CHN,China,East Asia & Pacific,Upper middle income,IBRD
283,2019,67.0,SG.AGE.RTRE.FL.MA,FRA,France,Europe & Central Asia,High income,Not classified
284,2020,67.0,SG.AGE.RTRE.FL.MA,FRA,France,Europe & Central Asia,High income,Not classified
285,2019,65.7,SG.AGE.RTRE.FL.MA,DEU,Germany,Europe & Central Asia,High income,Not classified
286,2020,65.8,SG.AGE.RTRE.FL.MA,DEU,Germany,Europe & Central Asia,High income,Not classified
287,2019,58.0,SG.AGE.RTRE.FL.MA,IND,India,South Asia,Lower middle income,IBRD
288,2020,58.0,SG.AGE.RTRE.FL.MA,IND,India,South Asia,Lower middle income,IBRD
289,2019,65.0,SG.AGE.RTRE.FL.MA,JPN,Japan,East Asia & Pacific,High income,Not classified
290,2020,65.0,SG.AGE.RTRE.FL.MA,JPN,Japan,East Asia & Pacific,High income,Not classified
291,2019,60.0,SG.AGE.RTRE.FL.MA,KOR,"Korea, Rep.",East Asia & Pacific,High income,Not classified
292,2020,60.0,SG.AGE.RTRE.FL.MA,KOR,"Korea, Rep.",East Asia & Pacific,High income,Not classified
293,2019,60.0,SG.AGE.RTRE.FL.MA,PAK,Pakistan,South Asia,Lower middle income,Blend
294,2020,60.0,SG.AGE.RTRE.FL.MA,PAK,Pakistan,South Asia,Lower middle income,Blend
295,2019,66.5,SG.AGE.RTRE.FL.MA,USA,United States,North America,High income,Not classified
296,2020,66.0,SG.AGE.RTRE.FL.MA,USA,United States,North America,High income,Not classified
297,2015,1.0,SG.BUS.REGT.EQ,AUS,Australia,East Asia & Pacific,High income,Not classified
298,2016,1.0,SG.BUS.REGT.EQ,AUS,Australia,East Asia & Pacific,High income,Not classified
299,2017,1.0,SG.BUS.REGT.EQ,AUS,Australia,East Asia & Pacific,High income,Not classified
300,2018,1.0,SG.BUS.REGT.EQ,AUS,Australia,East Asia & Pacific,High income,Not classified
301,2019,1.0,SG.BUS.REGT.EQ,AUS,Australia,East Asia & Pacific,High income,Not classified
302,2020,1.0,SG.BUS.REGT.EQ,AUS,Australia,East Asia & Pacific,High income,Not classified
303,2015,1.0,SG.BUS.REGT.EQ,CHN,China,East Asia & Pacific,Upper middle income,IBRD
304,2016,1.0,SG.BUS.REGT.EQ,CHN,China,East Asia & Pacific,Upper middle income,IBRD
305,2017,1.0,SG.BUS.REGT.EQ,CHN,China,East Asia & Pacific,Upper middle income,IBRD
306,2018,1.0,SG.BUS.REGT.EQ,CHN,China,East Asia & Pacific,Upper middle income,IBRD
307,2019,1.0,SG.BUS.REGT.EQ,CHN,China,East Asia & Pacific,Upper middle income,IBRD
308,2020,1.0,SG.BUS.REGT.EQ,CHN,China,East Asia & Pacific,Upper middle income,IBRD
309,2015,1.0,SG.BUS.REGT.EQ,FRA,France,Europe & Central Asia,High income,Not classified
310,2016,1.0,SG.BUS.REGT.EQ,FRA,France,Europe & Central Asia,High income,Not classified
311,2017,1.0,SG.BUS.REGT.EQ,FRA,France,Europe & Central Asia,High income,Not classified
312,2018,1.0,SG.BUS.REGT.EQ,FRA,France,Europe & Central Asia,High income,Not classified
313,2019,1.0,SG.BUS.REGT.EQ,FRA,France,Europe & Central Asia,High income,Not classified
314,2020,1.0,SG.BUS.REGT.EQ,FRA,France,Europe & Central Asia,High income,Not classified
315,2015,1.0,SG.BUS.REGT.EQ,DEU,Germany,Europe & Central Asia,High income,Not classified
316,2016,1.0,SG.BUS.REGT.EQ,DEU,Germany,Europe & Central Asia,High income,Not classified
317,2017,1.0,SG.BUS.REGT.EQ,DEU,Germany,Europe & Central Asia,High income,Not classified
318,2018,1.0,SG.BUS.REGT.EQ,DEU,Germany,Europe & Central Asia,High income,Not classified
319,2019,1.0,SG.BUS.REGT.EQ,DEU,Germany,Europe & Central Asia,High income,Not classified
320,2020,1.0,SG.BUS.REGT.EQ,DEU,Germany,Europe & Central Asia,High income,Not classified
321,2015,1.0,SG.BUS.REGT.EQ,IND,India,South Asia,Lower middle income,IBRD
322,2016,1.0,SG.BUS.REGT.EQ,IND,India,South Asia,Lower middle income,IBRD
323,2017,1.0,SG.BUS.REGT.EQ,IND,India,South Asia,Lower middle income,IBRD
324,2018,1.0,SG.BUS.REGT.EQ,IND,India,South Asia,Lower middle income,IBRD
325,2019,1.0,SG.BUS.REGT.EQ,IND,India,South Asia,Lower middle income,IBRD
326,2020,1.0,SG.BUS.REGT.EQ,IND,India,South Asia,Lower middle income,IBRD
327,2015,1.0,SG.BUS.REGT.EQ,JPN,Japan,East Asia & Pacific,High income,Not classified
328,2016,1.0,SG.BUS.REGT.EQ,JPN,Japan,East Asia & Pacific,High income,Not classified
329,2017,1.0,SG.BUS.REGT.EQ,JPN,Japan,East Asia & Pacific,High income,Not classified
330,2018,1.0,SG.BUS.REGT.EQ,JPN,Japan,East Asia & Pacific,High income,Not classified
331,2019,1.0,SG.BUS.REGT.EQ,JPN,Japan,East Asia & Pacific,High income,Not classified
332,2020,1.0,SG.BUS.REGT.EQ,JPN,Japan,East Asia & Pacific,High income,Not classified
333,2015,1.0,SG.BUS.REGT.EQ,KOR,"Korea, Rep.",East Asia & Pacific,High income,Not classified
334,2016,1.0,SG.BUS.REGT.EQ,KOR,"Korea, Rep.",East Asia & Pacific,High income,Not classified
335,2017,1.0,SG.BUS.REGT.EQ,KOR,"Korea, Rep.",East Asia & Pacific,High income,Not classified
336,2018,1.0,SG.BUS.REGT.EQ,KOR,"Korea, Rep.",East Asia & Pacific,High income,Not classified
337,2019,1.0,SG.BUS.REGT.EQ,KOR,"Korea, Rep.",East Asia & Pacific,High income,Not classified
338,2020,1.0,SG.BUS.REGT.EQ,KOR,"Korea, Rep.",East Asia & Pacific,High income,Not classified
339,2015,0.0,SG.BUS.REGT.EQ,PAK,Pakistan,South Asia,Lower middle income,Blend
340,2016,0.0,SG.BUS.REGT.EQ,PAK,Pakistan,South Asia,Lower middle income,Blend
341,2017,0.0,SG.BUS.REGT.EQ,PAK,Pakistan,South Asia,Lower middle income,Blend
342,2018,0.0,SG.BUS.REGT.EQ,PAK,Pakistan,South Asia,Lower middle income,Blend
343,2019,0.0,SG.BUS.REGT.EQ,PAK,Pakistan,South Asia,Lower middle income,Blend
344,2020,1.0,SG.BUS.REGT.EQ,PAK,Pakistan,South Asia,Lower middle income,Blend
345,2015,1.0,SG.BUS.REGT.EQ,USA,United States,North America,High income,Not classified
346,2016,1.0,SG.BUS.REGT.EQ,USA,United States,North America,High income,Not classified
347,2017,1.0,SG.BUS.REGT.EQ,USA,United States,North America,High income,Not classified
348,2018,1.0,SG.BUS.REGT.EQ,USA,United States,North America,High income,Not classified
349,2019,1.0,SG.BUS.REGT.EQ,USA,United States,North America,High income,Not classified
350,2020,1.0,SG.BUS.REGT.EQ,USA,United States,North America,High income,Not classified
351,2015,58.21,SL.EMP.1524.SP.MA.ZS,AUS,Australia,East Asia & Pacific,High income,Not classified
352,2016,57.86,SL.EMP.1524.SP.MA.ZS,AUS,Australia,East Asia & Pacific,High income,Not classified
353,2017,57.98,SL.EMP.1524.SP.MA.ZS,AUS,Australia,East Asia & Pacific,High income,Not classified
354,2018,58.98,SL.EMP.1524.SP.MA.ZS,AUS,Australia,East Asia & Pacific,High income,Not classified
355,2019,58.9,SL.EMP.1524.SP.MA.ZS,AUS,Australia,East Asia & Pacific,High income,Not classified
356,2015,45.53,SL.EMP.1524.SP.MA.ZS,CHN,China,East Asia & Pacific,Upper middle income,IBRD
357,2016,44.61,SL.EMP.1524.SP.MA.ZS,CHN,China,East Asia & Pacific,Upper middle income,IBRD
358,2017,43.94,SL.EMP.1524.SP.MA.ZS,CHN,China,East Asia & Pacific,Upper middle income,IBRD
359,2018,43.46,SL.EMP.1524.SP.MA.ZS,CHN,China,East Asia & Pacific,Upper middle income,IBRD
360,2019,42.55,SL.EMP.1524.SP.MA.ZS,CHN,China,East Asia & Pacific,Upper middle income,IBRD
361,2015,30.44,SL.EMP.1524.SP.MA.ZS,FRA,France,Europe & Central Asia,High income,Not classified
362,2016,30.54,SL.EMP.1524.SP.MA.ZS,FRA,France,Europe & Central Asia,High income,Not classified
363,2017,31.76,SL.EMP.1524.SP.MA.ZS,FRA,France,Europe & Central Asia,High income,Not classified
364,2018,33.04,SL.EMP.1524.SP.MA.ZS,FRA,France,Europe & Central Asia,High income,Not classified
365,2019,32.17,SL.EMP.1524.SP.MA.ZS,FRA,France,Europe & Central Asia,High income,Not classified
366,2015,46.46,SL.EMP.1524.SP.MA.ZS,DEU,Germany,Europe & Central Asia,High income,Not classified
367,2016,46.89,SL.EMP.1524.SP.MA.ZS,DEU,Germany,Europe & Central Asia,High income,Not classified
368,2017,47.17,SL.EMP.1524.SP.MA.ZS,DEU,Germany,Europe & Central Asia,High income,Not classified
369,2018,48.61,SL.EMP.1524.SP.MA.ZS,DEU,Germany,Europe & Central Asia,High income,Not classified
370,2019,50.44,SL.EMP.1524.SP.MA.ZS,DEU,Germany,Europe & Central Asia,High income,Not classified
371,2015,36.46,SL.EMP.1524.SP.MA.ZS,IND,India,South Asia,Lower middle income,IBRD
372,2016,35.42,SL.EMP.1524.SP.MA.ZS,IND,India,South Asia,Lower middle income,IBRD
373,2017,34.45,SL.EMP.1524.SP.MA.ZS,IND,India,South Asia,Lower middle income,IBRD
374,2018,33.48,SL.EMP.1524.SP.MA.ZS,IND,India,South Asia,Lower middle income,IBRD
375,2019,32.76,SL.EMP.1524.SP.MA.ZS,IND,India,South Asia,Lower middle income,IBRD
376,2015,40.2,SL.EMP.1524.SP.MA.ZS,JPN,Japan,East Asia & Pacific,High income,Not classified
377,2016,41.84,SL.EMP.1524.SP.MA.ZS,JPN,Japan,East Asia & Pacific,High income,Not classified
378,2017,41.98,SL.EMP.1524.SP.MA.ZS,JPN,Japan,East Asia & Pacific,High income,Not classified
379,2018,44.73,SL.EMP.1524.SP.MA.ZS,JPN,Japan,East Asia & Pacific,High income,Not classified
380,2019,46.0,SL.EMP.1524.SP.MA.ZS,JPN,Japan,East Asia & Pacific,High income,Not classified
381,2015,23.57,SL.EMP.1524.SP.MA.ZS,KOR,"Korea, Rep.",East Asia & Pacific,High income,Not classified
382,2016,23.84,SL.EMP.1524.SP.MA.ZS,KOR,"Korea, Rep.",East Asia & Pacific,High income,Not classified
383,2017,23.78,SL.EMP.1524.SP.MA.ZS,KOR,"Korea, Rep.",East Asia & Pacific,High income,Not classified
384,2018,22.35,SL.EMP.1524.SP.MA.ZS,KOR,"Korea, Rep.",East Asia & Pacific,High income,Not classified
385,2019,23.62,SL.EMP.1524.SP.MA.ZS,KOR,"Korea, Rep.",East Asia & Pacific,High income,Not classified
386,2015,58.1,SL.EMP.1524.SP.MA.ZS,PAK,Pakistan,South Asia,Lower middle income,Blend
387,2016,58.09,SL.EMP.1524.SP.MA.ZS,PAK,Pakistan,South Asia,Lower middle income,Blend
388,2017,58.12,SL.EMP.1524.SP.MA.ZS,PAK,Pakistan,South Asia,Lower middle income,Blend
389,2018,58.15,SL.EMP.1524.SP.MA.ZS,PAK,Pakistan,South Asia,Lower middle income,Blend
390,2019,58.23,SL.EMP.1524.SP.MA.ZS,PAK,Pakistan,South Asia,Lower middle income,Blend
391,2015,45.81,SL.EMP.1524.SP.MA.ZS,USA,United States,North America,High income,Not classified
392,2016,46.95,SL.EMP.1524.SP.MA.ZS,USA,United States,North America,High income,Not classified
393,2017,47.8,SL.EMP.1524.SP.MA.ZS,USA,United States,North America,High income,Not classified
394,2018,47.48,SL.EMP.1524.SP.MA.ZS,USA,United States,North America,High income,Not classified
395,2019,48.13,SL.EMP.1524.SP.MA.ZS,USA,United States,North America,High income,Not classified
